variable_id,label,unit,year,value_raw,value,is_projection,portfolio_relevant,source,prose_check,note
pib,Crescimento do PIB (var. real %),% a.a.,2018,"1,8",1.8,False,True,Projeções XP (tabela),,
pib,Crescimento do PIB (var. real %),% a.a.,2019,"1,2",1.2,False,True,Projeções XP (tabela),,
pib,Crescimento do PIB (var. real %),% a.a.,2020,"-3,3",-3.3,False,True,Projeções XP (tabela),,
pib,Crescimento do PIB (var. real %),% a.a.,2021,"4,8",4.8,False,True,Projeções XP (tabela),,
pib,Crescimento do PIB (var. real %),% a.a.,2022,"3,0",3.0,False,True,Projeções XP (tabela),,
pib,Crescimento do PIB (var. real %),% a.a.,2023,"3,2",3.2,False,True,Projeções XP (tabela),,
pib,Crescimento do PIB (var. real %),% a.a.,2024,"3,6",3.6,True,True,Projeções XP (tabela),,
pib,Crescimento do PIB (var. real %),% a.a.,2025,"2,0",2.0,True,True,Projeções XP (tabela),"confere com o texto (2,0)",
pib,Crescimento do PIB (var. real %),% a.a.,2026,"1,0",1.0,True,True,Projeções XP (tabela),"confere com o texto (1,0)",
desemprego,"Taxa de desemprego (%, dessaz., fim de período)",%,2018,"12,1",12.1,False,False,Projeções XP (tabela),,
desemprego,"Taxa de desemprego (%, dessaz., fim de período)",%,2019,"11,5",11.5,False,False,Projeções XP (tabela),,
desemprego,"Taxa de desemprego (%, dessaz., fim de período)",%,2020,"14,7",14.7,False,False,Projeções XP (tabela),,
desemprego,"Taxa de desemprego (%, dessaz., fim de período)",%,2021,"11,7",11.7,False,False,Projeções XP (tabela),,
desemprego,"Taxa de desemprego (%, dessaz., fim de período)",%,2022,"8,3",8.3,False,False,Projeções XP (tabela),,
desemprego,"Taxa de desemprego (%, dessaz., fim de período)",%,2023,"7,6",7.6,False,False,Projeções XP (tabela),,
desemprego,"Taxa de desemprego (%, dessaz., fim de período)",%,2024,"6,5",6.5,True,False,Projeções XP (tabela),"confere com o texto (6,5)",
desemprego,"Taxa de desemprego (%, dessaz., fim de período)",%,2025,"7,0",7.0,True,False,Projeções XP (tabela),"confere com o texto (7,0)",
desemprego,"Taxa de desemprego (%, dessaz., fim de período)",%,2026,"7,8",7.8,True,False,Projeções XP (tabela),,
ipca,IPCA (var. 12m %),% a.a.,2018,"3,8",3.8,False,True,Projeções XP (tabela),,
ipca,IPCA (var. 12m %),% a.a.,2019,"4,3",4.3,False,True,Projeções XP (tabela),,
ipca,IPCA (var. 12m %),% a.a.,2020,"4,5",4.5,False,True,Projeções XP (tabela),,
ipca,IPCA (var. 12m %),% a.a.,2021,"10,1",10.1,False,True,Projeções XP (tabela),,
ipca,IPCA (var. 12m %),% a.a.,2022,"5,8",5.8,False,True,Projeções XP (tabela),,
ipca,IPCA (var. 12m %),% a.a.,2023,"4,6",4.6,False,True,Projeções XP (tabela),,
ipca,IPCA (var. 12m %),% a.a.,2024,"4,8",4.8,True,True,Projeções XP (tabela),,
ipca,IPCA (var. 12m %),% a.a.,2025,"6,1",6.1,True,True,Projeções XP (tabela),"confere com o texto (6,1)",
ipca,IPCA (var. 12m %),% a.a.,2026,"4,5",4.5,True,True,Projeções XP (tabela),"confere com o texto (4,5)",
selic,"SELIC (% a.a, fim de período)",% a.a.,2018,"6,50",6.5,False,True,Projeções XP (tabela),,
selic,"SELIC (% a.a, fim de período)",% a.a.,2019,"4,50",4.5,False,True,Projeções XP (tabela),,
selic,"SELIC (% a.a, fim de período)",% a.a.,2020,"2,00",2.0,False,True,Projeções XP (tabela),,
selic,"SELIC (% a.a, fim de período)",% a.a.,2021,"9,25",9.25,False,True,Projeções XP (tabela),,
selic,"SELIC (% a.a, fim de período)",% a.a.,2022,"13,75",13.75,False,True,Projeções XP (tabela),,
selic,"SELIC (% a.a, fim de período)",% a.a.,2023,"11,75",11.75,False,True,Projeções XP (tabela),,
selic,"SELIC (% a.a, fim de período)",% a.a.,2024,"12,25",12.25,True,True,Projeções XP (tabela),,
selic,"SELIC (% a.a, fim de período)",% a.a.,2025,"15,50",15.5,True,True,Projeções XP (tabela),"confere com o texto (15,50)",
selic,"SELIC (% a.a, fim de período)",% a.a.,2026,"12,50",12.5,True,True,Projeções XP (tabela),,
cambio,"Taxa de Câmbio (R$/US$, fim de período)",R$/US$,2018,"3,87",3.87,False,True,Projeções XP (tabela),,
cambio,"Taxa de Câmbio (R$/US$, fim de período)",R$/US$,2019,"4,03",4.03,False,True,Projeções XP (tabela),,
cambio,"Taxa de Câmbio (R$/US$, fim de período)",R$/US$,2020,"5,20",5.2,False,True,Projeções XP (tabela),,
cambio,"Taxa de Câmbio (R$/US$, fim de período)",R$/US$,2021,"5,58",5.58,False,True,Projeções XP (tabela),,
cambio,"Taxa de Câmbio (R$/US$, fim de período)",R$/US$,2022,"5,28",5.28,False,True,Projeções XP (tabela),,
cambio,"Taxa de Câmbio (R$/US$, fim de período)",R$/US$,2023,"4,86",4.86,False,True,Projeções XP (tabela),,
cambio,"Taxa de Câmbio (R$/US$, fim de período)",R$/US$,2024,"6,17",6.17,True,True,Projeções XP (tabela),,
cambio,"Taxa de Câmbio (R$/US$, fim de período)",R$/US$,2025,"6,20",6.2,True,True,Projeções XP (tabela),"confere com o texto (6,20)",
cambio,"Taxa de Câmbio (R$/US$, fim de período)",R$/US$,2026,"6,40",6.4,True,True,Projeções XP (tabela),"confere com o texto (6,40)",
primario_central,Resultado primário do governo central (% PIB),% PIB,2018,"-1,7",-1.7,False,False,Projeções XP (tabela),,
primario_central,Resultado primário do governo central (% PIB),% PIB,2019,"-1,2",-1.2,False,False,Projeções XP (tabela),,
primario_central,Resultado primário do governo central (% PIB),% PIB,2020,"-9,8",-9.8,False,False,Projeções XP (tabela),,
primario_central,Resultado primário do governo central (% PIB),% PIB,2021,"-0,4",-0.4,False,False,Projeções XP (tabela),,
primario_central,Resultado primário do governo central (% PIB),% PIB,2022,"0,5",0.5,False,False,Projeções XP (tabela),,
primario_central,Resultado primário do governo central (% PIB),% PIB,2023,"-2,4",-2.4,False,False,Projeções XP (tabela),,
primario_central,Resultado primário do governo central (% PIB),% PIB,2024,"-0,4",-0.4,True,False,Projeções XP (tabela),,
primario_central,Resultado primário do governo central (% PIB),% PIB,2025,"-0,7",-0.7,True,False,Projeções XP (tabela),,
primario_central,Resultado primário do governo central (% PIB),% PIB,2026,"-0,9",-0.9,True,False,Projeções XP (tabela),,
resultado_prim_rio_para_apura_o_da_meta_,Resultado primário para apuração da meta (% PIB)*,,2024,"-0,1",-0.1,True,False,Projeções XP (tabela),,
resultado_prim_rio_para_apura_o_da_meta_,Resultado primário para apuração da meta (% PIB)*,,2025,"-0,3",-0.3,True,False,Projeções XP (tabela),,
resultado_prim_rio_para_apura_o_da_meta_,Resultado primário para apuração da meta (% PIB)*,,2026,"-0,6",-0.6,True,False,Projeções XP (tabela),,
resultado_prim_rio_do_setor_p_blico_pib,Resultado primário do setor público (% PIB),,2018,"-1,5",-1.5,False,False,Projeções XP (tabela),,
resultado_prim_rio_do_setor_p_blico_pib,Resultado primário do setor público (% PIB),,2019,"-0,8",-0.8,False,False,Projeções XP (tabela),,
resultado_prim_rio_do_setor_p_blico_pib,Resultado primário do setor público (% PIB),,2020,"-9,2",-9.2,False,False,Projeções XP (tabela),,
resultado_prim_rio_do_setor_p_blico_pib,Resultado primário do setor público (% PIB),,2021,"0,7",0.7,False,False,Projeções XP (tabela),,
resultado_prim_rio_do_setor_p_blico_pib,Resultado primário do setor público (% PIB),,2022,"1,2",1.2,False,False,Projeções XP (tabela),,
resultado_prim_rio_do_setor_p_blico_pib,Resultado primário do setor público (% PIB),,2023,"-2,3",-2.3,False,False,Projeções XP (tabela),,
resultado_prim_rio_do_setor_p_blico_pib,Resultado primário do setor público (% PIB),,2024,"-0,4",-0.4,True,False,Projeções XP (tabela),,
resultado_prim_rio_do_setor_p_blico_pib,Resultado primário do setor público (% PIB),,2025,"-0,7",-0.7,True,False,Projeções XP (tabela),,
resultado_prim_rio_do_setor_p_blico_pib,Resultado primário do setor público (% PIB),,2026,"-0,8",-0.8,True,False,Projeções XP (tabela),,
resultado_nominal_do_setor_p_blico_do_pi,Resultado nominal do setor público (% do PIB),,2018,"7,0",7.0,False,False,Projeções XP (tabela),,
resultado_nominal_do_setor_p_blico_do_pi,Resultado nominal do setor público (% do PIB),,2019,"5,8",5.8,False,False,Projeções XP (tabela),,
resultado_nominal_do_setor_p_blico_do_pi,Resultado nominal do setor público (% do PIB),,2020,"13,3",13.3,False,False,Projeções XP (tabela),,
resultado_nominal_do_setor_p_blico_do_pi,Resultado nominal do setor público (% do PIB),,2021,"4,3",4.3,False,False,Projeções XP (tabela),,
resultado_nominal_do_setor_p_blico_do_pi,Resultado nominal do setor público (% do PIB),,2022,"4,6",4.6,False,False,Projeções XP (tabela),,
resultado_nominal_do_setor_p_blico_do_pi,Resultado nominal do setor público (% do PIB),,2023,"8,8",8.8,False,False,Projeções XP (tabela),,
resultado_nominal_do_setor_p_blico_do_pi,Resultado nominal do setor público (% do PIB),,2024,"8,5",8.5,True,False,Projeções XP (tabela),,
resultado_nominal_do_setor_p_blico_do_pi,Resultado nominal do setor público (% do PIB),,2025,"9,3",9.3,True,False,Projeções XP (tabela),,
resultado_nominal_do_setor_p_blico_do_pi,Resultado nominal do setor público (% do PIB),,2026,"8,5",8.5,True,False,Projeções XP (tabela),,
divida_bruta,Dívida bruta - DBGG (% PIB),% PIB,2018,"75,3",75.3,False,False,Projeções XP (tabela),,
divida_bruta,Dívida bruta - DBGG (% PIB),% PIB,2019,"74,4",74.4,False,False,Projeções XP (tabela),,
divida_bruta,Dívida bruta - DBGG (% PIB),% PIB,2020,"86,9",86.9,False,False,Projeções XP (tabela),,
divida_bruta,Dívida bruta - DBGG (% PIB),% PIB,2021,"77,3",77.3,False,False,Projeções XP (tabela),,
divida_bruta,Dívida bruta - DBGG (% PIB),% PIB,2022,"71,7",71.7,False,False,Projeções XP (tabela),,
divida_bruta,Dívida bruta - DBGG (% PIB),% PIB,2023,"73,8",73.8,False,False,Projeções XP (tabela),,
divida_bruta,Dívida bruta - DBGG (% PIB),% PIB,2024,"76,1",76.1,True,False,Projeções XP (tabela),,
divida_bruta,Dívida bruta - DBGG (% PIB),% PIB,2025,"80,3",80.3,True,False,Projeções XP (tabela),"DIVERGE do texto (79,9)","A tabela traz 80,3 e o texto 79,9. Valor da tabela mantido; divergencia declarada."
divida_bruta,Dívida bruta - DBGG (% PIB),% PIB,2026,"83,9",83.9,True,False,Projeções XP (tabela),"DIVERGE do texto (83,6)","A tabela traz 83,9 e o texto 83,6. Valor da tabela mantido; divergencia declarada."
balan_a_comercial_us_bi,Balança Comercial (US$ Bi),,2018,"46,6",46.6,False,False,Projeções XP (tabela),,
balan_a_comercial_us_bi,Balança Comercial (US$ Bi),,2019,"29,6",29.6,False,False,Projeções XP (tabela),,
balan_a_comercial_us_bi,Balança Comercial (US$ Bi),,2020,"35,7",35.7,False,False,Projeções XP (tabela),,
balan_a_comercial_us_bi,Balança Comercial (US$ Bi),,2021,"42,3",42.3,False,False,Projeções XP (tabela),,
balan_a_comercial_us_bi,Balança Comercial (US$ Bi),,2022,"51,5",51.5,False,False,Projeções XP (tabela),,
balan_a_comercial_us_bi,Balança Comercial (US$ Bi),,2023,"92,3",92.3,False,False,Projeções XP (tabela),,
balan_a_comercial_us_bi,Balança Comercial (US$ Bi),,2024,"66,2",66.2,True,False,Projeções XP (tabela),,
balan_a_comercial_us_bi,Balança Comercial (US$ Bi),,2025,"77,0",77.0,True,False,Projeções XP (tabela),,
balan_a_comercial_us_bi,Balança Comercial (US$ Bi),,2026,"80,0",80.0,True,False,Projeções XP (tabela),,
exporta_es_us_bi,Exportações (US$ Bi),,2018,"231,9",231.9,False,False,Projeções XP (tabela),,
exporta_es_us_bi,Exportações (US$ Bi),,2019,"225,8",225.8,False,False,Projeções XP (tabela),,
exporta_es_us_bi,Exportações (US$ Bi),,2020,"210,7",210.7,False,False,Projeções XP (tabela),,
exporta_es_us_bi,Exportações (US$ Bi),,2021,"284,0",284.0,False,False,Projeções XP (tabela),,
exporta_es_us_bi,Exportações (US$ Bi),,2022,"340,2",340.2,False,False,Projeções XP (tabela),,
exporta_es_us_bi,Exportações (US$ Bi),,2023,"343,8",343.8,False,False,Projeções XP (tabela),,
exporta_es_us_bi,Exportações (US$ Bi),,2024,"339,8",339.8,True,False,Projeções XP (tabela),,
exporta_es_us_bi,Exportações (US$ Bi),,2025,"356,0",356.0,True,False,Projeções XP (tabela),,
exporta_es_us_bi,Exportações (US$ Bi),,2026,"363,0",363.0,True,False,Projeções XP (tabela),,
importa_es_us_bi,Importações (US$ Bi),,2018,"185,3",185.3,False,False,Projeções XP (tabela),,
importa_es_us_bi,Importações (US$ Bi),,2019,"196,2",196.2,False,False,Projeções XP (tabela),,
importa_es_us_bi,Importações (US$ Bi),,2020,"175,0",175.0,False,False,Projeções XP (tabela),,
importa_es_us_bi,Importações (US$ Bi),,2021,"241,7",241.7,False,False,Projeções XP (tabela),,
importa_es_us_bi,Importações (US$ Bi),,2022,"288,7",288.7,False,False,Projeções XP (tabela),,
importa_es_us_bi,Importações (US$ Bi),,2023,"251,5",251.5,False,False,Projeções XP (tabela),,
importa_es_us_bi,Importações (US$ Bi),,2024,"273,6",273.6,True,False,Projeções XP (tabela),,
importa_es_us_bi,Importações (US$ Bi),,2025,"279,0",279.0,True,False,Projeções XP (tabela),,
importa_es_us_bi,Importações (US$ Bi),,2026,"283,0",283.0,True,False,Projeções XP (tabela),,
conta_corrente_us_bi,Conta Corrente (US$ Bi),,2018,"-54,8",-54.8,False,False,Projeções XP (tabela),,
conta_corrente_us_bi,Conta Corrente (US$ Bi),,2019,"-65,0",-65.0,False,False,Projeções XP (tabela),,
conta_corrente_us_bi,Conta Corrente (US$ Bi),,2020,"-24,9",-24.9,False,False,Projeções XP (tabela),,
conta_corrente_us_bi,Conta Corrente (US$ Bi),,2021,"-40,4",-40.4,False,False,Projeções XP (tabela),,
conta_corrente_us_bi,Conta Corrente (US$ Bi),,2022,"-40,9",-40.9,False,False,Projeções XP (tabela),,
conta_corrente_us_bi,Conta Corrente (US$ Bi),,2023,"-24,5",-24.5,False,False,Projeções XP (tabela),,
conta_corrente_us_bi,Conta Corrente (US$ Bi),,2024,"-56,0",-56.0,True,False,Projeções XP (tabela),,
conta_corrente_us_bi,Conta Corrente (US$ Bi),,2025,"-52,5",-52.5,True,False,Projeções XP (tabela),,
conta_corrente_us_bi,Conta Corrente (US$ Bi),,2026,"-47,4",-47.4,True,False,Projeções XP (tabela),,
conta_corrente,Conta Corrente (% PIB),% PIB,2018,"-2,9",-2.9,False,False,Projeções XP (tabela),,
conta_corrente,Conta Corrente (% PIB),% PIB,2019,"-3,5",-3.5,False,False,Projeções XP (tabela),,
conta_corrente,Conta Corrente (% PIB),% PIB,2020,"-1,7",-1.7,False,False,Projeções XP (tabela),,
conta_corrente,Conta Corrente (% PIB),% PIB,2021,"-2,4",-2.4,False,False,Projeções XP (tabela),,
conta_corrente,Conta Corrente (% PIB),% PIB,2022,"-2,1",-2.1,False,False,Projeções XP (tabela),,
conta_corrente,Conta Corrente (% PIB),% PIB,2023,"-1,1",-1.1,False,False,Projeções XP (tabela),,
conta_corrente,Conta Corrente (% PIB),% PIB,2024,"-2,6",-2.6,True,False,Projeções XP (tabela),,
conta_corrente,Conta Corrente (% PIB),% PIB,2025,"-2,6",-2.6,True,False,Projeções XP (tabela),,
conta_corrente,Conta Corrente (% PIB),% PIB,2026,"-2,2",-2.2,True,False,Projeções XP (tabela),,
idp_us_bi,IDP (US$ Bi),,2018,"78,2",78.2,False,False,Projeções XP (tabela),,
idp_us_bi,IDP (US$ Bi),,2019,"69,2",69.2,False,False,Projeções XP (tabela),,
idp_us_bi,IDP (US$ Bi),,2020,"38,3",38.3,False,False,Projeções XP (tabela),,
idp_us_bi,IDP (US$ Bi),,2021,"46,4",46.4,False,False,Projeções XP (tabela),,
idp_us_bi,IDP (US$ Bi),,2022,"74,6",74.6,False,False,Projeções XP (tabela),,
idp_us_bi,IDP (US$ Bi),,2023,"62,4",62.4,False,False,Projeções XP (tabela),,
idp_us_bi,IDP (US$ Bi),,2024,"71,1",71.1,True,False,Projeções XP (tabela),,
idp_us_bi,IDP (US$ Bi),,2025,"60,0",60.0,True,False,Projeções XP (tabela),,
idp_us_bi,IDP (US$ Bi),,2026,"57,0",57.0,True,False,Projeções XP (tabela),,
idp_pib,IDP (% PIB),,2018,"4,1",4.1,False,False,Projeções XP (tabela),,
idp_pib,IDP (% PIB),,2019,"3,7",3.7,False,False,Projeções XP (tabela),,
idp_pib,IDP (% PIB),,2020,"2,6",2.6,False,False,Projeções XP (tabela),,
idp_pib,IDP (% PIB),,2021,"2,8",2.8,False,False,Projeções XP (tabela),,
idp_pib,IDP (% PIB),,2022,"3,8",3.8,False,False,Projeções XP (tabela),,
idp_pib,IDP (% PIB),,2023,"2,9",2.9,False,False,Projeções XP (tabela),,
idp_pib,IDP (% PIB),,2024,"3,2",3.2,True,False,Projeções XP (tabela),,
idp_pib,IDP (% PIB),,2025,"2,9",2.9,True,False,Projeções XP (tabela),,
idp_pib,IDP (% PIB),,2026,"2,6",2.6,True,False,Projeções XP (tabela),,
pib_nominal_us_bi,PIB Nominal (US$ Bi),,2018,"1,916",1.916,False,False,Projeções XP (tabela),,
pib_nominal_us_bi,PIB Nominal (US$ Bi),,2019,1.873,1873.0,False,False,Projeções XP (tabela),,
pib_nominal_us_bi,PIB Nominal (US$ Bi),,2020,1.475,1475.0,False,False,Projeções XP (tabela),,
pib_nominal_us_bi,PIB Nominal (US$ Bi),,2021,1.670,1670.0,False,False,Projeções XP (tabela),,
pib_nominal_us_bi,PIB Nominal (US$ Bi),,2022,1.951,1951.0,False,False,Projeções XP (tabela),,
pib_nominal_us_bi,PIB Nominal (US$ Bi),,2023,2.190,2190.0,False,False,Projeções XP (tabela),,
pib_nominal_us_bi,PIB Nominal (US$ Bi),,2024,2.198,2198.0,True,False,Projeções XP (tabela),,
pib_nominal_us_bi,PIB Nominal (US$ Bi),,2025,2.055,2055.0,True,False,Projeções XP (tabela),,
pib_nominal_us_bi,PIB Nominal (US$ Bi),,2026,2.156,2156.0,True,False,Projeções XP (tabela),,
pib_nominal_r_bi,PIB Nominal (R$ Bi),,2018,"7,004",7.004,False,False,Projeções XP (tabela),,
pib_nominal_r_bi,PIB Nominal (R$ Bi),,2019,7.389,7389.0,False,False,Projeções XP (tabela),,
pib_nominal_r_bi,PIB Nominal (R$ Bi),,2020,7.610,7610.0,False,False,Projeções XP (tabela),,
pib_nominal_r_bi,PIB Nominal (R$ Bi),,2021,9.012,9012.0,False,False,Projeções XP (tabela),,
pib_nominal_r_bi,PIB Nominal (R$ Bi),,2022,10.080,10080.0,False,False,Projeções XP (tabela),,
pib_nominal_r_bi,PIB Nominal (R$ Bi),,2023,10.943,10943.0,False,False,Projeções XP (tabela),,
pib_nominal_r_bi,PIB Nominal (R$ Bi),,2024,11.793,11793.0,True,False,Projeções XP (tabela),,
pib_nominal_r_bi,PIB Nominal (R$ Bi),,2025,12.720,12720.0,True,False,Projeções XP (tabela),,
pib_nominal_r_bi,PIB Nominal (R$ Bi),,2026,13.456,13456.0,True,False,Projeções XP (tabela),,
